{"stats":{"minecraft:dropped":{"alexsmobs:animal_dictionary":1},"minecraft:picked_up":{"minecraft:oak_sign":1,"minecraft:gravel":1,"alexsmobs:animal_dictionary":1},"minecraft:used":{"minecraft:oak_sign":1},"minecraft:mined":{"minecraft:grass":1,"minecraft:oak_sign":1,"minecraft:gravel":2,"minecraft:powder_snow":3},"minecraft:custom":{"minecraft:time_since_rest":9164,"minecraft:open_chest":6,"minecraft:crouch_one_cm":106,"minecraft:sprint_one_cm":30228,"minecraft:play_time":9164,"minecraft:damage_taken":20,"minecraft:walk_one_cm":6713,"minecraft:sneak_time":109,"minecraft:walk_under_water_one_cm":56,"minecraft:drop":1,"minecraft:jump":205,"minecraft:leave_game":3,"minecraft:walk_on_water_one_cm":270,"minecraft:time_since_death":9164,"minecraft:total_world_time":9164,"minecraft:swim_one_cm":2973,"minecraft:fall_one_cm":8416,"minecraft:fly_one_cm":63062}},"DataVersion":3120}