{"stats":{"minecraft:broken":{"spartanshields:iron_basic_shield":1},"minecraft:crafted":{"minecraft:barrel":22,"spartanshields:iron_basic_shield":1,"minecraft:diamond_leggings":1,"minecraft:spruce_slab":36,"minecraft:chest":12,"minecraft:diamond_boots":1,"minecraft:dark_oak_planks":4,"minecraft:wheat":63,"biomesoplenty:umbran_planks":8,"biomesoplenty:dead_planks":16,"minecraft:oak_slab":48,"minecraft:crafting_table":2,"biomesoplenty:dead_boat":1,"minecraft:air":0,"minecraft:bread":21,"biomesoplenty:umbran_boat":1,"minecraft:stick":4,"minecraft:iron_ingot":13,"spartanshields:wooden_basic_shield":2,"minecraft:diamond_chestplate":1},"minecraft:dropped":{"biomesoplenty:umbran_planks":2,"minecraft:iron_ingot":9,"minecraft:wheat_seeds":1,"minecraft:diamond":64,"minecraft:lime_stained_glass":58,"minecraft:crossbow":2,"minecraft:iron_helmet":2,"minecraft:cobblestone":66,"minecraft:leather":2,"minecraft:granite":39,"minecraft:mossy_stone_brick_stairs":2,"minecraft:coal":2,"mowziesmobs:wrought_axe":1,"minecraft:coal_block":1,"minecraft:flint":18,"minecraft:emerald":2,"spartanshields:wooden_basic_shield":1,"minecraft:stick":12,"ad_astra:sky_stone":2,"minecraft:iron_block":1,"minecraft:dirt":37,"minecraft:golden_carrot":52,"minecraft:dark_oak_fence":6,"minecraft:torch":63,"biomesoplenty:brimstone":43,"minecraft:dark_oak_trapdoor":2,"minecraft:rose_bush":2,"minecraft:snowball":7,"minecraft:diamond_helmet":2,"minecraft:chain":2,"minecraft:iron_leggings":2,"minecraft:potion":1,"minecraft:bone_meal":2,"minecraft:sand":2,"farmersdelight:pasta_with_mutton_chop":4,"minecraft:dark_oak_planks":1,"minecraft:bucket":2,"minecraft:redstone":1,"minecraft:gravel":97,"minecraft:furnace":6,"minecraft:blackstone":56,"minecraft:green_terracotta":66,"minecraft:coarse_dirt":16,"alexsmobs:animal_dictionary":2,"minecraft:raw_copper":8,"minecraft:oak_planks":192,"minecraft:iron_boots":1,"minecraft:yellow_stained_glass":8,"minecraft:white_bed":3,"biomesoplenty:umbran_boat":1,"minecraft:iron_chestplate":2,"minecraft:andesite":1,"minecraft:ladder":4,"minecraft:stone_bricks":4,"minecraft:diamond_boots":1,"minecraft:spruce_slab":1,"minecraft:sandstone":5,"minecraft:arrow":256,"minecraft:bow":3,"minecraft:calcite":2,"minecraft:green_stained_glass":33,"iceandfire:silver_pickaxe":1},"minecraft:killed_by":{"minecraft:player":3,"sanitydim:rotting_stalker":1,"minecraft:vindicator":1,"man:managgresive":1},"minecraft:killed":{"minecraft:vindicator":3,"naturalist:tortoise":1,"minecraft:magma_cube":4,"laendli_transport:slabcrab":1,"minecraft:pig":1,"laendli_transport:crab":1,"minecraft:pillager":19,"minecraft:zombie":1,"iceandfire:ghost":2,"minecraft:cow":1},"minecraft:picked_up":{"minecraft:iron_chestplate":3,"minecraft:coarse_dirt":16,"minecraft:ladder":5,"minecraft:chain":4,"ad_astra:sky_stone":2,"minecraft:amethyst_block":11,"minecraft:dark_oak_trapdoor":2,"minecraft:iron_axe":1,"minecraft:raw_copper":8,"minecraft:iron_leggings":3,"minecraft:iron_shovel":1,"minecraft:blackstone":56,"biomesoplenty:brimstone":43,"biomesoplenty:black_sand":1,"minecraft:bucket":2,"minecraft:spruce_planks":1,"minecraft:beef":1,"minecraft:rose_bush":2,"minecraft:calcite":6,"minecraft:iron_pickaxe":1,"minecraft:spruce_slab":29,"minecraft:coal_block":2,"minecraft:chest":1,"minecraft:iron_boots":2,"minecraft:furnace":9,"minecraft:stick":10,"minecraft:sandstone":5,"minecraft:torch":189,"biomesoplenty:umbran_planks":8,"minecraft:porkchop":1,"minecraft:carrot":53,"minecraft:green_terracotta":66,"minecraft:dark_oak_planks":3,"iceandfire:dragon_skull_ice":2,"iceandfire:lightning_lily":1,"iceandfire:silver_ingot":1,"minecraft:arrow":212,"minecraft:hay_block":7,"minecraft:iron_block":1,"unusualprehistory:opal_fossil":1,"minecraft:snowball":8,"minecraft:cobblestone":164,"minecraft:lime_stained_glass":58,"minecraft:nautilus_shell":1,"minecraft:basalt":3,"minecraft:golden_carrot":26,"minecraft:andesite":5,"spartanshields:iron_basic_shield":1,"minecraft:leather":2,"minecraft:potato":3,"biomesoplenty:dead_log":4,"minecraft:flint":18,"mowziesmobs:wrought_axe":2,"minecraft:dirt":120,"minecraft:white_banner":2,"minecraft:stone_bricks":12,"minecraft:bow":2,"minecraft:wheat_seeds":1,"minecraft:yellow_stained_glass":8,"minecraft:diamond_helmet":2,"minecraft:iron_sword":1,"minecraft:oak_planks":240,"biomesoplenty:umbran_log":2,"minecraft:mossy_stone_brick_stairs":2,"minecraft:oak_slab":6,"minecraft:gravel":445,"minecraft:lava_bucket":1,"minecraft:sand":2,"minecraft:green_stained_glass":33,"mowziesmobs:wrought_helmet":1,"sophisticatedbackpacks:iron_backpack":1,"minecraft:white_bed":4,"minecraft:dark_oak_log":1,"minecraft:barrel":17,"alexsmobs:animal_dictionary":1,"minecraft:slime_ball":1,"minecraft:diamond":32,"minecraft:iron_helmet":3,"minecraft:crossbow":2,"minecraft:granite":39,"minecraft:bone_meal":2,"minecraft:emerald":12,"minecraft:baked_potato":23,"minecraft:dark_oak_fence":6,"minecraft:coal":2,"unusualprehistory:mezo_fossil":8},"minecraft:used":{"minecraft:iron_shovel":92,"minecraft:spruce_slab":57,"minecraft:ladder":1,"iceandfire:dragon_skull_ice":2,"minecraft:chest":13,"minecraft:spruce_planks":1,"minecraft:iron_sword":57,"minecraft:torch":148,"minecraft:dirt":58,"minecraft:carrot":72,"minecraft:snowball":1,"biomesoplenty:dead_boat":1,"minecraft:lantern":3,"iceandfire:lightning_lily":1,"minecraft:iron_axe":87,"minecraft:stone_bricks":4,"minecraft:barrel":39,"minecraft:basalt":3,"minecraft:beef":1,"minecraft:bow":104,"spartanshields:iron_basic_shield":62,"minecraft:furnace":3,"minecraft:potato":7,"biomesoplenty:black_sand":1,"minecraft:amethyst_block":42,"minecraft:baked_potato":87,"minecraft:oak_slab":6,"minecraft:crafting_table":2,"mowziesmobs:wrought_axe":324,"biomesoplenty:umbran_planks":3,"minecraft:bread":19,"minecraft:iron_pickaxe":155,"minecraft:cobblestone":116,"minecraft:chain":2,"alexsmobs:animal_dictionary":8,"minecraft:splash_potion":526},"minecraft:mined":{"minecraft:dark_oak_planks":6,"iceandfire:lightning_lily":1,"minecraft:spruce_planks":1,"iceandfire:graveyard_soil":1,"the_silence:sad_satan":27,"minecraft:dark_oak_log":1,"minecraft:ladder":2,"minecraft:granite":21,"minecraft:dark_oak_fence":4,"biomesoplenty:umbran_planks":2,"minecraft:grass_block":29,"minecraft:coal_block":1,"minecraft:spruce_leaves":2,"minecraft:sandstone":6,"minecraft:hay_block":7,"minecraft:carrots":15,"minecraft:dark_oak_trapdoor":1,"minecraft:barrel":17,"minecraft:snow":1,"minecraft:andesite":1,"minecraft:potatoes":1,"minecraft:vine":2,"minecraft:stone":74,"ad_astra:sky_stone":4,"minecraft:spruce_slab":29,"minecraft:oak_slab":6,"minecraft:basalt":6,"minecraft:powder_snow":8,"minecraft:torch":43,"minecraft:chest":1,"minecraft:copper_ore":2,"minecraft:cobblestone":10,"minecraft:wall_torch":12,"minecraft:diorite":1,"minecraft:amethyst_block":1,"minecraft:chain":2,"minecraft:coarse_dirt":1,"minecraft:dark_oak_slab":1,"unusualprehistory:stone_fossil":8,"biomesoplenty:umbran_log":4,"minecraft:white_wall_banner":1,"minecraft:grass":1,"biomesoplenty:dead_log":4,"minecraft:gravel":106,"minecraft:sand":2,"minecraft:dirt":69,"minecraft:fern":2},"minecraft:custom":{"minecraft:interact_with_smithing_table":3,"minecraft:mob_kills":41,"minecraft:interact_with_crafting_table":29,"minecraft:open_barrel":46,"minecraft:leave_game":4,"minecraft:time_since_death":707,"minecraft:climb_one_cm":8519,"minecraft:sprint_one_cm":472797,"minecraft:walk_one_cm":599349,"minecraft:damage_blocked_by_shield":2536,"minecraft:drop":157,"minecraft:play_time":187895,"minecraft:deaths":7,"minecraft:sneak_time":5725,"minecraft:walk_under_water_one_cm":12844,"minecraft:boat_one_cm":95051,"minecraft:jump":2277,"minecraft:walk_on_water_one_cm":10056,"minecraft:total_world_time":187895,"minecraft:interact_with_furnace":6,"minecraft:sleep_in_bed":5,"minecraft:time_since_rest":739,"minecraft:damage_taken":8792,"minecraft:trigger_trapped_chest":2,"minecraft:damage_dealt":17042,"minecraft:player_kills":2,"minecraft:swim_one_cm":1749,"minecraft:fly_one_cm":639336,"minecraft:open_chest":54,"minecraft:crouch_one_cm":22905,"minecraft:fall_one_cm":44351}},"DataVersion":3120}