{"stats":{"minecraft:dropped":{"minecraft:gravel":2,"minecraft:iron_ingot":9,"alexsmobs:animal_dictionary":2,"minecraft:raw_copper":8,"minecraft:diamond":64,"minecraft:iron_helmet":2,"minecraft:oak_planks":192,"minecraft:iron_boots":1,"minecraft:granite":20,"mowziesmobs:wrought_axe":1,"spartanshields:wooden_basic_shield":1,"minecraft:iron_block":1,"minecraft:dirt":7,"minecraft:golden_carrot":52,"minecraft:torch":63,"biomesoplenty:umbran_boat":1,"biomesoplenty:brimstone":43,"minecraft:iron_chestplate":2,"minecraft:andesite":1,"minecraft:rose_bush":2,"minecraft:diamond_helmet":2,"farmersdelight:pasta_with_mutton_chop":4,"minecraft:potion":1,"minecraft:iron_leggings":2,"minecraft:arrow":256,"minecraft:diamond_boots":1,"minecraft:sandstone":5,"minecraft:sand":2,"minecraft:bow":3,"iceandfire:silver_pickaxe":1},"minecraft:killed":{"minecraft:magma_cube":4,"laendli_transport:slabcrab":1,"naturalist:tortoise":1,"laendli_transport:crab":1,"minecraft:zombie":1,"iceandfire:ghost":1},"minecraft:custom":{"minecraft:interact_with_smithing_table":3,"minecraft:interact_with_furnace":6,"minecraft:mob_kills":14,"minecraft:interact_with_crafting_table":11,"minecraft:open_barrel":7,"minecraft:leave_game":2,"minecraft:time_since_death":2227,"minecraft:sleep_in_bed":3,"minecraft:climb_one_cm":6809,"minecraft:time_since_rest":2281,"minecraft:sprint_one_cm":105857,"minecraft:damage_taken":4028,"minecraft:walk_one_cm":235398,"minecraft:damage_blocked_by_shield":1341,"minecraft:trigger_trapped_chest":2,"minecraft:drop":62,"minecraft:damage_dealt":11917,"minecraft:player_kills":1,"minecraft:swim_one_cm":659,"minecraft:fly_one_cm":138023,"minecraft:open_chest":11,"minecraft:crouch_one_cm":10723,"minecraft:play_time":81466,"minecraft:deaths":4,"minecraft:sneak_time":2210,"minecraft:walk_under_water_one_cm":5098,"minecraft:boat_one_cm":95051,"minecraft:jump":537,"minecraft:walk_on_water_one_cm":4473,"minecraft:total_world_time":81466,"minecraft:fall_one_cm":10571},"minecraft:used":{"minecraft:amethyst_block":3,"minecraft:baked_potato":44,"iceandfire:dragon_skull_ice":1,"minecraft:iron_sword":41,"minecraft:torch":70,"minecraft:crafting_table":1,"minecraft:carrot":21,"biomesoplenty:dead_boat":1,"mowziesmobs:wrought_axe":252,"minecraft:iron_axe":8,"minecraft:iron_pickaxe":122,"minecraft:basalt":3,"spartanshields:iron_basic_shield":44,"alexsmobs:animal_dictionary":8,"minecraft:potato":7,"minecraft:splash_potion":526},"minecraft:killed_by":{"man:managgresive":1,"minecraft:player":2,"sanitydim:rotting_stalker":1},"minecraft:mined":{"iceandfire:graveyard_soil":1,"the_silence:sad_satan":27,"minecraft:basalt":3,"minecraft:ladder":1,"minecraft:granite":19,"minecraft:copper_ore":2,"minecraft:diorite":1,"minecraft:sandstone":6,"minecraft:wall_torch":3,"minecraft:chain":2,"minecraft:carrots":15,"unusualprehistory:stone_fossil":8,"minecraft:andesite":1,"biomesoplenty:umbran_log":4,"biomesoplenty:dead_log":4,"minecraft:potatoes":1,"minecraft:vine":2,"minecraft:sand":2,"minecraft:gravel":2,"minecraft:dirt":7,"minecraft:stone":69,"minecraft:fern":1},"minecraft:crafted":{"biomesoplenty:umbran_planks":8,"biomesoplenty:dead_planks":16,"minecraft:crafting_table":1,"biomesoplenty:dead_boat":1,"minecraft:air":0,"spartanshields:iron_basic_shield":1,"minecraft:diamond_leggings":1,"biomesoplenty:umbran_boat":1,"minecraft:stick":4,"minecraft:iron_ingot":13,"minecraft:diamond_boots":1,"spartanshields:wooden_basic_shield":2,"minecraft:diamond_chestplate":1},"minecraft:picked_up":{"minecraft:nautilus_shell":1,"minecraft:iron_chestplate":3,"minecraft:ladder":1,"minecraft:basalt":3,"minecraft:golden_carrot":26,"minecraft:andesite":1,"spartanshields:iron_basic_shield":1,"minecraft:potato":3,"biomesoplenty:dead_log":4,"minecraft:chain":2,"minecraft:amethyst_block":10,"mowziesmobs:wrought_axe":2,"minecraft:dirt":7,"minecraft:raw_copper":8,"minecraft:iron_axe":1,"minecraft:iron_leggings":3,"biomesoplenty:brimstone":43,"minecraft:bow":2,"minecraft:rose_bush":2,"minecraft:iron_pickaxe":1,"minecraft:diamond_helmet":2,"minecraft:oak_planks":192,"minecraft:iron_sword":1,"biomesoplenty:umbran_log":2,"minecraft:iron_boots":2,"minecraft:sandstone":5,"minecraft:torch":121,"minecraft:gravel":2,"the_silence:sad_satan":86,"minecraft:sand":2,"mowziesmobs:wrought_helmet":1,"sophisticatedbackpacks:iron_backpack":1,"minecraft:carrot":53,"alexsmobs:animal_dictionary":1,"iceandfire:silver_ingot":1,"iceandfire:dragon_skull_ice":1,"minecraft:arrow":192,"minecraft:diamond":32,"minecraft:iron_helmet":3,"minecraft:iron_block":1,"minecraft:granite":20,"minecraft:bone_meal":1,"minecraft:baked_potato":6,"unusualprehistory:mezo_fossil":5,"minecraft:cobblestone":69},"minecraft:broken":{"spartanshields:iron_basic_shield":1}},"DataVersion":3120}