{"stats":{"minecraft:crafted":{"spartanshields:iron_basic_shield":1,"minecraft:diamond_leggings":2,"minecraft:chest":1,"sophisticatedbackpacks:backpack":1,"minecraft:emerald":1,"minecraft:crafting_table":5,"minecraft:spruce_planks":160,"minecraft:wooden_pickaxe":2,"minecraft:baked_potato":11,"iceandfire:armor_white_boots":1,"minecraft:diamond_pickaxe":1,"minecraft:stick":68,"iceandfire:armor_white_chestplate":1,"minecraft:iron_pickaxe":1,"biomesoplenty:umbran_stairs":36,"minecraft:polished_diorite":32,"minecraft:iron_axe":1,"minecraft:ladder":3,"minecraft:stone_pickaxe":2,"minecraft:diamond_boots":1,"iceandfire:armor_silver_metal_boots":1,"minecraft:lead":8,"biomesoplenty:umbran_planks":428,"minecraft:crossbow":6,"iceandfire:silver_ingot":68,"minecraft:stone_axe":1,"iceandfire:armor_white_leggings":1,"iceandfire:armor_silver_metal_helmet":2,"minecraft:wooden_axe":1,"iceandfire:silver_pickaxe":2,"minecraft:torch":52,"minecraft:diamond_chestplate":3},"minecraft:broken":{"laendli_transport:clothing_a_armor_helmet":1,"iceandfire:silver_pickaxe":1,"minecraft:stone_pickaxe":1,"minecraft:diamond_boots":2,"laendli_transport:clothing_a_armor_leggings":1,"spartanshields:iron_basic_shield":1,"minecraft:diamond_chestplate":1,"minecraft:diamond_leggings":2,"minecraft:shield":1,"minecraft:iron_pickaxe":1},"minecraft:dropped":{"biomesoplenty:umbran_planks":60,"minecraft:iron_sword":1,"minecraft:birch_planks":3,"minecraft:dark_oak_stairs":6,"minecraft:baked_potato":15,"minecraft:glass_bottle":1,"minecraft:diamond":32,"minecraft:lime_stained_glass":15,"minecraft:crossbow":5,"iceandfire:frozen_dirt":2,"biomesoplenty:black_sand":3,"minecraft:leather":1,"minecraft:mossy_stone_brick_stairs":4,"minecraft:cracked_stone_bricks":1,"iceandfire:dread_stone_bricks_cracked":9,"minecraft:flint":34,"minecraft:emerald":32,"minecraft:dirt":110,"minecraft:packed_ice":9,"minecraft:dark_oak_fence":4,"minecraft:mutton":1,"iceandfire:dread_stone_bricks":23,"minecraft:snowball":40,"minecraft:chain":2,"minecraft:bone_meal":5,"iceandfire:ash":11,"minecraft:sand":3,"farmersdelight:pasta_with_mutton_chop":2,"iceandfire:armor_silver_metal_helmet":1,"minecraft:dark_oak_planks":22,"minecraft:white_wool":2,"unusualprehistory:plant_fossil_item":4,"minecraft:bone":14,"minecraft:gold_ingot":6,"minecraft:gravel":269,"minecraft:stone_axe":1,"minecraft:blackstone":1,"minecraft:sugar_cane":3,"minecraft:cobbled_deepslate":291,"minecraft:wheat":28,"minecraft:rotten_flesh":11,"minecraft:oak_planks":208,"minecraft:yellow_stained_glass":11,"minecraft:white_bed":1,"alexsmobs:cachalot_whale_tooth":1,"minecraft:carrot":8,"minecraft:chiseled_stone_bricks":4,"biomesoplenty:umbran_stairs":21,"iceandfire:dread_stone_bricks_mossy":5,"biomesoplenty:umbran_log":8,"iceandfire:armor_silver_metal_boots":1,"minecraft:chest":7,"minecraft:ladder":1,"minecraft:leather_leggings":1,"minecraft:spruce_slab":3,"minecraft:basalt":61,"minecraft:arrow":400,"minecraft:stone_brick_stairs":7,"minecraft:netherrack":29,"minecraft:green_stained_glass":14,"iceandfire:silver_pickaxe":2,"minecraft:enchanted_book":4,"minecraft:iron_ingot":46,"minecraft:oak_slab":4,"spartanshields:iron_tower_shield":2,"minecraft:wheat_seeds":3,"minecraft:clock":6,"minecraft:mossy_cobblestone":2,"minecraft:iron_helmet":5,"minecraft:feather":2,"minecraft:cobblestone":482,"minecraft:lead":8,"biomesoplenty:cattail":1,"minecraft:amethyst_block":2,"minecraft:apple":1,"minecraft:granite":30,"minecraft:coal":52,"mowziesmobs:wrought_axe":1,"minecraft:coal_block":7,"minecraft:stick":33,"minecraft:diorite":20,"minecraft:golden_carrot":58,"minecraft:ink_sac":2,"minecraft:torch":253,"biomesoplenty:brimstone":147,"minecraft:rose_bush":39,"minecraft:diamond_helmet":2,"minecraft:potion":1,"minecraft:iron_leggings":4,"minecraft:dried_kelp":3,"mowziesmobs:wrought_helmet":1,"minecraft:pumpkin":7,"minecraft:wither_rose":2,"minecraft:iron_axe":1,"minecraft:paper":25,"minecraft:string":4,"minecraft:lily_pad":1,"minecraft:spruce_sapling":2,"minecraft:redstone":36,"minecraft:smooth_basalt":16,"iceandfire:silver_nugget":84,"minecraft:polished_diorite":33,"minecraft:raw_copper":17,"minecraft:bowl":1,"minecraft:tuff":21,"minecraft:raw_iron":14,"minecraft:iron_boots":2,"iceandfire:troll_tusk":4,"minecraft:nether_bricks":2,"minecraft:filled_map":1,"minecraft:diamond_chestplate":1,"minecraft:spruce_planks":1,"minecraft:iron_chestplate":5,"minecraft:diamond_pickaxe":1,"minecraft:andesite":4,"minecraft:mossy_stone_bricks":4,"iceandfire:silver_ingot":1,"minecraft:redstone_torch":1,"minecraft:stone_bricks":15,"minecraft:spruce_log":3,"minecraft:slime_ball":53,"minecraft:sandstone":1,"minecraft:stone_pickaxe":2,"minecraft:wooden_pickaxe":1,"minecraft:magma_block":9,"minecraft:calcite":4,"minecraft:nautilus_shell":1,"minecraft:stripped_spruce_wood":1},"minecraft:killed_by":{"minecraft:pillager":21,"sanitydim:rotting_stalker":6,"iceandfire:dread_ghoul":1,"minecraft:vindicator":17,"sanitydim:sneaking_terror":1,"minecraft:witch":2,"unusualprehistory:rex":1,"minecraft:player":8,"mowziesmobs:ferrous_wroughtnaut":1,"apollyon:the_damned":4},"minecraft:killed":{"minecraft:witch":1,"naturalist:snail":2,"minecraft:skeleton":1,"minecraft:magma_cube":7,"minecraft:sheep":1,"laendli_transport:crab":5,"minecraft:pillager":33,"minecraft:zombie":1,"minecraft:stray":1,"cave_dweller:cave_dweller":1,"iceandfire:dread_ghoul":2,"apollyon:the_damned":1,"minecraft:vindicator":3,"iceandfire:dread_thrall":1,"iceandfire:ghost":2,"minecraft:villager":4},"minecraft:picked_up":{"minecraft:wooden_axe":2,"iceandfire:dread_stone_bricks":46,"minecraft:iron_chestplate":3,"minecraft:smithing_table":2,"minecraft:potion":2,"biomesoplenty:umbran_stairs":22,"minecraft:wither_rose":2,"minecraft:enchanted_book":2,"minecraft:stone_brick_stairs":7,"minecraft:brewing_stand":1,"minecraft:amethyst_block":100,"minecraft:string":24,"minecraft:raw_copper":17,"minecraft:iron_leggings":4,"minecraft:red_candle":31,"biomesoplenty:umbran_boat":1,"biomesoplenty:brimstone":276,"minecraft:gold_nugget":41,"minecraft:cobbled_deepslate":307,"minecraft:bucket":1,"minecraft:spruce_planks":36,"minecraft:rose_bush":39,"minecraft:calcite":215,"unusualprehistory:plant_fossil_item":35,"minecraft:coal_block":135,"minecraft:iron_boots":3,"minecraft:furnace":15,"minecraft:tipped_arrow":1,"minecraft:stick":18,"minecraft:torch":341,"biomesoplenty:umbran_planks":83,"iceandfire:dragonscales_white":24,"iceandfire:silver_ore":7,"minecraft:dried_kelp":3,"minecraft:diorite":52,"minecraft:green_terracotta":33,"iceandfire:armor_silver_metal_boots":1,"minecraft:rotten_flesh":13,"farmersdelight:rope":11,"minecraft:obsidian":1,"minecraft:snowball":40,"minecraft:cobblestone":719,"minecraft:nautilus_shell":1,"minecraft:magma_block":10,"minecraft:feather":2,"minecraft:andesite":4,"minecraft:flint":36,"minecraft:tuff":21,"minecraft:stripped_spruce_wood":1,"minecraft:dirt":118,"minecraft:lantern":3,"minecraft:bone":25,"minecraft:bow":1,"minecraft:wheat_seeds":3,"laendli_transport:clothing_a_armor_helmet":2,"minecraft:raw_gold":15,"minecraft:grindstone":2,"minecraft:mossy_stone_bricks":4,"minecraft:diamond_helmet":2,"minecraft:glowstone_dust":57,"minecraft:oak_planks":492,"minecraft:mossy_stone_brick_stairs":4,"spartanshields:iron_tower_shield":2,"iceandfire:podium_spruce":1,"iceandfire:dragonscales_sapphire":9,"minecraft:sand":3,"minecraft:stripped_spruce_log":25,"minecraft:ink_sac":2,"iceandfire:frozen_dirt":2,"minecraft:barrel":8,"alexsmobs:animal_dictionary":1,"minecraft:mossy_cobblestone":2,"minecraft:diamond":69,"iceandfire:dread_stone_bricks_mossy":9,"minecraft:crossbow":11,"minecraft:granite":30,"minecraft:bone_meal":5,"minecraft:chainmail_helmet":1,"minecraft:emerald":61,"minecraft:bread":14,"minecraft:netherrack":29,"minecraft:dark_oak_fence":4,"iceandfire:silver_nugget":634,"minecraft:diamond_pickaxe":1,"minecraft:crafting_table":11,"minecraft:ladder":3,"minecraft:leather_leggings":1,"minecraft:packed_ice":9,"minecraft:wooden_pickaxe":6,"minecraft:chain":16,"minecraft:red_bed":1,"minecraft:iron_shovel":4,"minecraft:blackstone":70,"minecraft:cracked_stone_bricks":1,"iceandfire:bestiary":1,"biomesoplenty:black_sand":3,"unusualprehistory:paleo_fossil":12,"minecraft:beef":1,"iceandfire:dread_shard":2,"minecraft:spruce_slab":3,"laendli_transport:clothing_a_armor_leggings":2,"minecraft:sugar_cane":3,"minecraft:chest":35,"iceandfire:ice_dragon_heart":3,"minecraft:raw_iron":25,"minecraft:sandstone":1,"iceandfire:dragonbone":29,"iceandfire:troll_tusk":3,"minecraft:bowl":1,"minecraft:carrot":8,"minecraft:redstone":228,"minecraft:dark_oak_planks":24,"iceandfire:dragon_skull_ice":6,"minecraft:arrow":463,"minecraft:diamond_chestplate":1,"biomesoplenty:cattail":1,"minecraft:nether_bricks":2,"iceandfire:dragonscales_silver":7,"minecraft:diamond_boots":1,"minecraft:hay_block":31,"unusualprehistory:opal_fossil":2,"minecraft:gold_ingot":1,"minecraft:mutton":1,"alexsmobs:frontier_cap":1,"minecraft:white_wool":2,"minecraft:lime_stained_glass":30,"minecraft:clock":6,"minecraft:basalt":69,"minecraft:golden_carrot":68,"minecraft:glow_ink_sac":6,"minecraft:leather":5,"minecraft:filled_map":1,"minecraft:birch_planks":3,"alexsmobs:cachalot_whale_tooth":1,"minecraft:lily_pad":1,"iceandfire:dread_stone_bricks_cracked":18,"farmersdelight:pasta_with_mutton_chop":4,"mowziesmobs:wrought_axe":2,"minecraft:blue_bed":3,"minecraft:white_banner":10,"man:cassette_1safetyinstructions":1,"minecraft:stone_bricks":15,"alexsmobs:cockroach_wing_fragment":1,"minecraft:yellow_stained_glass":11,"minecraft:heart_of_the_sea":1,"minecraft:iron_ingot":61,"spartanshields:wooden_basic_shield":1,"minecraft:glass_bottle":1,"biomesoplenty:umbran_log":118,"minecraft:dark_oak_stairs":6,"minecraft:oak_slab":4,"minecraft:smooth_basalt":16,"minecraft:pumpkin":20,"minecraft:chiseled_stone_bricks":4,"iceandfire:ash":12,"minecraft:quartz":40,"minecraft:spyglass":1,"minecraft:gravel":291,"minecraft:lava_bucket":1,"laendli_transport:clothing_a_armor_chestplate":2,"minecraft:amethyst_shard":46,"minecraft:green_stained_glass":25,"mowziesmobs:wrought_helmet":2,"minecraft:spruce_sapling":2,"minecraft:white_bed":12,"minecraft:spruce_log":30,"minecraft:spruce_door":2,"iceandfire:silver_pickaxe":2,"minecraft:slime_ball":65,"minecraft:polished_diorite":4,"minecraft:iron_helmet":5,"iceandfire:ice_dragon_flesh":8,"minecraft:baked_potato":43,"minecraft:coal":130,"unusualprehistory:mezo_fossil":11},"minecraft:custom":{"minecraft:interact_with_crafting_table":65,"minecraft:open_barrel":58,"minecraft:leave_game":14,"minecraft:time_since_death":45115,"minecraft:sprint_one_cm":520726,"minecraft:damage_blocked_by_shield":5227,"minecraft:drop":344,"minecraft:talked_to_villager":10,"minecraft:play_time":537954,"minecraft:deaths":64,"minecraft:jump":4556,"minecraft:interact_with_brewingstand":1,"minecraft:walk_on_water_one_cm":84866,"minecraft:interact_with_furnace":30,"minecraft:traded_with_villager":1,"minecraft:sleep_in_bed":11,"minecraft:damage_dealt":23996,"minecraft:player_kills":3,"minecraft:crouch_one_cm":15594,"minecraft:interact_with_smithing_table":2,"minecraft:mob_kills":75,"minecraft:damage_dealt_resisted":58,"minecraft:climb_one_cm":6553,"minecraft:walk_one_cm":1405343,"minecraft:damage_dealt_absorbed":15,"minecraft:sneak_time":7442,"minecraft:walk_under_water_one_cm":34679,"minecraft:boat_one_cm":105098,"minecraft:total_world_time":537954,"spartanshields:shield_bash_hits":31,"minecraft:interact_with_grindstone":6,"minecraft:time_since_rest":8564,"minecraft:damage_taken":33457,"minecraft:trigger_trapped_chest":2,"minecraft:swim_one_cm":25060,"minecraft:fly_one_cm":539918,"minecraft:open_chest":209,"minecraft:fall_one_cm":76577},"minecraft:used":{"iceandfire:dragon_skull_ice":1,"minecraft:ladder":2,"minecraft:chest":2,"minecraft:shield":53,"minecraft:iron_sword":1,"minecraft:rotten_flesh":2,"minecraft:green_terracotta":9,"biomesoplenty:umbran_log":3,"minecraft:obsidian":1,"minecraft:milk_bucket":4,"minecraft:lava_bucket":1,"minecraft:bow":34,"spartanshields:iron_basic_shield":72,"minecraft:hay_block":5,"minecraft:furnace":9,"biomesoplenty:umbran_stairs":25,"minecraft:spruce_door":1,"minecraft:stone_pickaxe":218,"minecraft:blackstone":41,"minecraft:wooden_pickaxe":32,"minecraft:blue_bed":1,"iceandfire:silver_pickaxe":789,"biomesoplenty:umbran_planks":196,"minecraft:bread":33,"minecraft:gravel":19,"minecraft:diamond_sword":595,"minecraft:grindstone":1,"minecraft:smithing_table":2,"minecraft:cobweb":16,"biomesoplenty:brimstone":14,"minecraft:torch":103,"minecraft:dirt":5,"minecraft:brewing_stand":1,"minecraft:spyglass":10,"iceandfire:armor_silver_metal_helmet":1,"mowziesmobs:wrought_helmet":1,"minecraft:polished_diorite":3,"minecraft:wooden_axe":32,"minecraft:yellow_stained_glass":10,"minecraft:iron_axe":184,"minecraft:barrel":8,"minecraft:basalt":7,"minecraft:golden_carrot":10,"minecraft:cobbled_deepslate":16,"minecraft:pumpkin":9,"minecraft:calcite":147,"minecraft:amethyst_block":2,"minecraft:glass_bottle":1,"minecraft:baked_potato":66,"spartanshields:iron_tower_shield":10,"minecraft:crafting_table":15,"minecraft:red_bed":1,"minecraft:white_bed":8,"mowziesmobs:wrought_axe":369,"minecraft:diamond_pickaxe":849,"minecraft:iron_pickaxe":250,"minecraft:stone_axe":40,"minecraft:cobblestone":162,"minecraft:potion":2,"minecraft:bucket":1,"minecraft:cooked_porkchop":64,"alexsmobs:animal_dictionary":3,"biomesoplenty:umbran_boat":1,"minecraft:green_stained_glass":10},"minecraft:mined":{"minecraft:dark_oak_planks":18,"minecraft:spruce_planks":1,"minecraft:white_bed":11,"the_silence:sad_satan":109,"biomesoplenty:brimstone":130,"minecraft:brewing_stand":1,"minecraft:budding_amethyst":10,"minecraft:granite":34,"biomesoplenty:umbran_planks":31,"minecraft:grass_block":7,"unusualprehistory:plant_fossil":20,"unusualprehistory:deepslate_fossil":12,"iceandfire:dread_spawner":7,"minecraft:coal_block":132,"minecraft:polished_diorite":4,"biomesoplenty:cattail":1,"minecraft:chiseled_stone_bricks":2,"minecraft:tall_seagrass":1,"minecraft:magma_block":11,"minecraft:glowstone":21,"minecraft:iron_ore":6,"minecraft:barrel":10,"minecraft:fire":11,"minecraft:pumpkin":16,"minecraft:dark_oak_stairs":8,"biomesoplenty:umbran_stairs":1,"minecraft:dirt_path":1,"iceandfire:dread_stone_bricks_cracked":15,"minecraft:deepslate_redstone_ore":51,"minecraft:blackstone":12,"minecraft:medium_amethyst_bud":2,"minecraft:powder_snow":19,"minecraft:torch":50,"minecraft:calcite":110,"minecraft:chest":28,"minecraft:nether_quartz_ore":43,"minecraft:cobblestone":57,"minecraft:grindstone":2,"minecraft:sugar_cane":1,"minecraft:wall_torch":15,"minecraft:amethyst_block":79,"minecraft:chain":8,"minecraft:red_candle":11,"unusualprehistory:stone_fossil":6,"biomesoplenty:umbran_log":69,"minecraft:stone_brick_stairs":5,"minecraft:grass":19,"iceandfire:dread_stone_bricks_mossy":7,"minecraft:sand":2,"minecraft:dirt":25,"minecraft:netherrack":22,"iceandfire:dread_stone_bricks":21,"minecraft:oak_leaves":1,"minecraft:deepslate":275,"minecraft:nether_gold_ore":9,"minecraft:tuff":21,"iceandfire:silver_ore":7,"minecraft:mossy_cobblestone":6,"minecraft:deepslate_diamond_ore":9,"minecraft:nether_bricks":2,"minecraft:dark_oak_fence":3,"minecraft:ladder":4,"minecraft:large_fern":3,"minecraft:hay_block":31,"minecraft:furnace":12,"minecraft:polished_basalt":1,"minecraft:andesite":8,"minecraft:stripped_spruce_log":25,"biomesoplenty:willow_vine":1,"minecraft:mossy_stone_brick_stairs":4,"minecraft:bookshelf":1,"minecraft:deepslate_iron_ore":6,"biomesoplenty:brimstone_bud":1,"minecraft:vine":1,"minecraft:lantern":3,"minecraft:stone":417,"iceandfire:podium_spruce":1,"minecraft:smithing_table":2,"unusualprehistory:deepslate_plant_fossil":11,"minecraft:basalt":72,"biomesoplenty:black_sand":4,"minecraft:spruce_door":2,"minecraft:crafting_table":10,"minecraft:rose_bush":22,"minecraft:copper_ore":2,"minecraft:tall_grass":3,"biomesoplenty:sprout":2,"minecraft:deepslate_gold_ore":13,"minecraft:diorite":45,"minecraft:blue_bed":3,"minecraft:birch_planks":5,"minecraft:stripped_spruce_wood":1,"minecraft:spruce_log":5,"minecraft:ice":3,"minecraft:white_wall_banner":7,"minecraft:coal_ore":95,"iceandfire:silver_pile":79,"minecraft:gravel":301,"minecraft:cobweb":16,"minecraft:cracked_stone_bricks":1,"minecraft:stone_bricks":14,"minecraft:mossy_stone_bricks":4,"minecraft:fern":13}},"DataVersion":3120}