{"stats":{"minecraft:dropped":{"biomesoplenty:umbran_planks":4,"minecraft:iron_sword":1,"minecraft:glass_bottle":1,"minecraft:diamond":32,"minecraft:lime_stained_glass":15,"biomesoplenty:black_sand":3,"minecraft:leather":1,"minecraft:flint":4,"minecraft:dirt":97,"minecraft:mutton":1,"minecraft:snowball":40,"minecraft:bone_meal":5,"minecraft:sand":2,"iceandfire:armor_silver_metal_helmet":1,"minecraft:white_wool":2,"unusualprehistory:plant_fossil_item":4,"minecraft:gravel":34,"minecraft:stone_axe":1,"minecraft:blackstone":1,"minecraft:cobbled_deepslate":291,"minecraft:rotten_flesh":11,"minecraft:oak_planks":120,"minecraft:yellow_stained_glass":11,"alexsmobs:cachalot_whale_tooth":1,"minecraft:carrot":8,"biomesoplenty:umbran_log":8,"iceandfire:armor_silver_metal_boots":1,"minecraft:ladder":1,"minecraft:basalt":6,"minecraft:netherrack":29,"minecraft:green_stained_glass":14,"iceandfire:silver_pickaxe":2,"minecraft:iron_ingot":2,"spartanshields:iron_tower_shield":1,"minecraft:wheat_seeds":3,"minecraft:mossy_cobblestone":1,"minecraft:iron_helmet":4,"minecraft:cobblestone":383,"biomesoplenty:cattail":1,"minecraft:amethyst_block":1,"minecraft:granite":11,"minecraft:coal":11,"mowziesmobs:wrought_axe":1,"minecraft:stick":31,"minecraft:diorite":20,"minecraft:golden_carrot":26,"minecraft:ink_sac":2,"minecraft:torch":253,"biomesoplenty:brimstone":45,"minecraft:rose_bush":1,"minecraft:diamond_helmet":2,"the_silence:sad_satan":64,"minecraft:potion":1,"minecraft:iron_leggings":4,"minecraft:dried_kelp":3,"mowziesmobs:wrought_helmet":1,"minecraft:iron_axe":1,"minecraft:paper":1,"minecraft:string":4,"minecraft:lily_pad":1,"minecraft:spruce_sapling":2,"minecraft:smooth_basalt":16,"minecraft:redstone":36,"iceandfire:silver_nugget":8,"minecraft:polished_diorite":32,"minecraft:raw_copper":17,"minecraft:tuff":21,"minecraft:raw_iron":14,"iceandfire:troll_tusk":1,"minecraft:nether_bricks":2,"minecraft:spruce_planks":1,"minecraft:iron_chestplate":3,"iceandfire:silver_ingot":1,"minecraft:redstone_torch":1,"minecraft:spruce_log":3,"minecraft:sandstone":1,"minecraft:stone_pickaxe":1,"minecraft:wooden_pickaxe":1,"minecraft:stripped_spruce_wood":1},"minecraft:killed":{"minecraft:skeleton":1,"minecraft:magma_cube":7,"minecraft:sheep":1,"laendli_transport:crab":5,"minecraft:zombie":1,"minecraft:stray":1,"cave_dweller:cave_dweller":1,"iceandfire:ghost":2,"minecraft:villager":3},"minecraft:custom":{"minecraft:interact_with_crafting_table":40,"minecraft:open_barrel":39,"minecraft:leave_game":8,"minecraft:time_since_death":1859,"minecraft:sprint_one_cm":281778,"minecraft:damage_blocked_by_shield":1702,"minecraft:drop":169,"minecraft:talked_to_villager":10,"minecraft:play_time":326758,"minecraft:deaths":20,"minecraft:jump":2412,"minecraft:walk_on_water_one_cm":49802,"minecraft:interact_with_furnace":30,"minecraft:traded_with_villager":1,"minecraft:sleep_in_bed":9,"minecraft:damage_dealt":9778,"minecraft:player_kills":3,"minecraft:crouch_one_cm":11995,"minecraft:mob_kills":26,"minecraft:climb_one_cm":5679,"minecraft:walk_one_cm":813963,"minecraft:sneak_time":6217,"minecraft:walk_under_water_one_cm":23803,"minecraft:boat_one_cm":105098,"minecraft:total_world_time":326758,"spartanshields:shield_bash_hits":12,"minecraft:interact_with_grindstone":6,"minecraft:time_since_rest":1917,"minecraft:damage_taken":16965,"minecraft:trigger_trapped_chest":1,"minecraft:swim_one_cm":11999,"minecraft:fly_one_cm":241002,"minecraft:open_chest":87,"minecraft:fall_one_cm":46273},"minecraft:used":{"minecraft:ladder":1,"minecraft:chest":2,"minecraft:iron_sword":1,"minecraft:rotten_flesh":2,"minecraft:green_terracotta":9,"biomesoplenty:umbran_log":3,"minecraft:obsidian":1,"minecraft:milk_bucket":4,"minecraft:lava_bucket":1,"minecraft:bow":4,"spartanshields:iron_basic_shield":13,"minecraft:furnace":9,"minecraft:spruce_door":1,"minecraft:stone_pickaxe":218,"minecraft:blackstone":41,"minecraft:wooden_pickaxe":32,"iceandfire:silver_pickaxe":460,"minecraft:bread":33,"minecraft:gravel":18,"minecraft:diamond_sword":95,"minecraft:grindstone":1,"minecraft:smithing_table":2,"biomesoplenty:brimstone":1,"minecraft:torch":65,"minecraft:brewing_stand":1,"minecraft:dirt":5,"minecraft:spyglass":10,"iceandfire:armor_silver_metal_helmet":1,"mowziesmobs:wrought_helmet":1,"minecraft:wooden_axe":32,"minecraft:yellow_stained_glass":10,"minecraft:iron_axe":184,"minecraft:barrel":6,"minecraft:basalt":4,"minecraft:golden_carrot":10,"minecraft:cobbled_deepslate":16,"minecraft:pumpkin":4,"minecraft:glass_bottle":1,"minecraft:baked_potato":7,"spartanshields:iron_tower_shield":10,"minecraft:crafting_table":12,"minecraft:red_bed":1,"minecraft:white_bed":8,"mowziesmobs:wrought_axe":194,"minecraft:diamond_pickaxe":634,"minecraft:iron_pickaxe":250,"minecraft:stone_axe":40,"minecraft:cobblestone":73,"minecraft:potion":2,"minecraft:cooked_porkchop":64,"minecraft:bucket":1,"biomesoplenty:umbran_boat":1,"alexsmobs:animal_dictionary":3,"the_silence:sad_satan":8,"minecraft:green_stained_glass":10},"minecraft:killed_by":{"sanitydim:rotting_stalker":6,"sanitydim:sneaking_terror":1,"unusualprehistory:rex":1,"minecraft:player":6,"mowziesmobs:ferrous_wroughtnaut":1,"apollyon:the_damned":3},"minecraft:mined":{"minecraft:spruce_planks":1,"minecraft:white_bed":10,"the_silence:sad_satan":109,"biomesoplenty:brimstone":130,"minecraft:brewing_stand":1,"minecraft:granite":14,"minecraft:budding_amethyst":10,"minecraft:grass_block":7,"unusualprehistory:deepslate_fossil":12,"unusualprehistory:plant_fossil":20,"biomesoplenty:cattail":1,"minecraft:tall_seagrass":1,"minecraft:glowstone":21,"minecraft:iron_ore":6,"minecraft:fire":11,"minecraft:barrel":7,"minecraft:pumpkin":4,"minecraft:dirt_path":1,"minecraft:deepslate_redstone_ore":51,"minecraft:blackstone":12,"minecraft:medium_amethyst_bud":2,"minecraft:powder_snow":7,"minecraft:torch":24,"minecraft:calcite":87,"minecraft:chest":2,"minecraft:nether_quartz_ore":43,"minecraft:cobblestone":6,"minecraft:grindstone":2,"minecraft:wall_torch":7,"minecraft:amethyst_block":76,"minecraft:chain":8,"unusualprehistory:stone_fossil":6,"biomesoplenty:umbran_log":69,"minecraft:grass":11,"minecraft:sand":2,"minecraft:dirt":6,"minecraft:netherrack":22,"minecraft:deepslate":275,"minecraft:nether_gold_ore":9,"minecraft:tuff":21,"iceandfire:silver_ore":7,"minecraft:mossy_cobblestone":1,"minecraft:deepslate_diamond_ore":9,"minecraft:ladder":2,"minecraft:nether_bricks":2,"minecraft:large_fern":2,"minecraft:furnace":12,"minecraft:stripped_spruce_log":25,"biomesoplenty:willow_vine":1,"minecraft:deepslate_iron_ore":6,"biomesoplenty:brimstone_bud":1,"minecraft:lantern":3,"minecraft:stone":378,"iceandfire:podium_spruce":1,"minecraft:smithing_table":2,"unusualprehistory:deepslate_plant_fossil":11,"minecraft:basalt":66,"biomesoplenty:black_sand":4,"minecraft:spruce_door":2,"minecraft:crafting_table":9,"minecraft:rose_bush":22,"minecraft:tall_grass":1,"minecraft:copper_ore":2,"biomesoplenty:sprout":2,"minecraft:deepslate_gold_ore":13,"minecraft:diorite":45,"minecraft:blue_bed":3,"minecraft:stripped_spruce_wood":1,"minecraft:ice":2,"minecraft:spruce_log":5,"minecraft:coal_ore":67,"iceandfire:silver_pile":18,"minecraft:gravel":55,"minecraft:fern":10},"minecraft:crafted":{"spartanshields:iron_basic_shield":1,"minecraft:diamond_leggings":1,"minecraft:chest":1,"sophisticatedbackpacks:backpack":1,"minecraft:emerald":1,"minecraft:crafting_table":3,"minecraft:spruce_planks":160,"minecraft:wooden_pickaxe":2,"minecraft:baked_potato":11,"minecraft:diamond_pickaxe":1,"minecraft:stick":56,"minecraft:iron_pickaxe":1,"minecraft:polished_diorite":32,"minecraft:iron_axe":1,"minecraft:stone_pickaxe":2,"iceandfire:armor_silver_metal_boots":1,"biomesoplenty:umbran_planks":4,"iceandfire:silver_ingot":20,"minecraft:stone_axe":1,"iceandfire:armor_silver_metal_helmet":2,"minecraft:wooden_axe":1,"iceandfire:silver_pickaxe":2,"minecraft:torch":52,"minecraft:diamond_chestplate":1},"minecraft:picked_up":{"minecraft:wooden_axe":2,"minecraft:iron_chestplate":3,"minecraft:smithing_table":2,"minecraft:potion":2,"minecraft:brewing_stand":1,"minecraft:amethyst_block":97,"minecraft:string":8,"minecraft:raw_copper":17,"minecraft:iron_leggings":4,"biomesoplenty:brimstone":174,"biomesoplenty:umbran_boat":1,"minecraft:gold_nugget":35,"minecraft:cobbled_deepslate":307,"minecraft:bucket":1,"minecraft:spruce_planks":36,"minecraft:rose_bush":20,"minecraft:calcite":192,"unusualprehistory:plant_fossil_item":35,"minecraft:furnace":15,"minecraft:iron_boots":2,"minecraft:tipped_arrow":1,"minecraft:stick":16,"minecraft:torch":298,"iceandfire:silver_ore":7,"minecraft:dried_kelp":3,"minecraft:diorite":52,"minecraft:green_terracotta":33,"iceandfire:armor_silver_metal_boots":1,"minecraft:rotten_flesh":13,"minecraft:obsidian":1,"minecraft:snowball":40,"minecraft:cobblestone":517,"minecraft:flint":6,"minecraft:tuff":21,"minecraft:stripped_spruce_wood":1,"minecraft:dirt":104,"minecraft:lantern":3,"minecraft:bone":5,"minecraft:bow":1,"laendli_transport:clothing_a_armor_helmet":2,"minecraft:wheat_seeds":3,"minecraft:raw_gold":15,"minecraft:grindstone":2,"minecraft:diamond_helmet":2,"minecraft:glowstone_dust":57,"minecraft:oak_planks":448,"spartanshields:iron_tower_shield":2,"iceandfire:podium_spruce":1,"minecraft:sand":2,"minecraft:stripped_spruce_log":25,"minecraft:ink_sac":2,"alexsmobs:animal_dictionary":1,"minecraft:barrel":6,"minecraft:mossy_cobblestone":1,"minecraft:diamond":69,"minecraft:granite":11,"minecraft:bone_meal":5,"minecraft:emerald":1,"minecraft:netherrack":29,"iceandfire:silver_nugget":132,"minecraft:crafting_table":10,"minecraft:ladder":2,"minecraft:leather_leggings":1,"minecraft:wooden_pickaxe":6,"minecraft:chain":14,"minecraft:red_bed":1,"minecraft:iron_shovel":4,"minecraft:blackstone":70,"iceandfire:bestiary":1,"biomesoplenty:black_sand":3,"unusualprehistory:paleo_fossil":12,"minecraft:beef":1,"laendli_transport:clothing_a_armor_leggings":2,"minecraft:chest":2,"minecraft:raw_iron":25,"minecraft:sandstone":1,"the_silence:sad_satan":103,"minecraft:carrot":8,"minecraft:redstone":228,"minecraft:arrow":68,"biomesoplenty:cattail":1,"minecraft:nether_bricks":2,"minecraft:diamond_boots":1,"unusualprehistory:opal_fossil":2,"minecraft:mutton":1,"alexsmobs:frontier_cap":1,"minecraft:white_wool":2,"minecraft:lime_stained_glass":30,"minecraft:basalt":59,"minecraft:golden_carrot":52,"minecraft:glow_ink_sac":6,"minecraft:leather":5,"alexsmobs:cachalot_whale_tooth":1,"minecraft:lily_pad":1,"farmersdelight:pasta_with_mutton_chop":4,"mowziesmobs:wrought_axe":2,"minecraft:blue_bed":3,"man:cassette_1safetyinstructions":1,"alexsmobs:cockroach_wing_fragment":1,"minecraft:yellow_stained_glass":11,"minecraft:iron_ingot":17,"spartanshields:wooden_basic_shield":1,"biomesoplenty:umbran_log":76,"minecraft:smooth_basalt":16,"minecraft:pumpkin":8,"minecraft:quartz":40,"minecraft:spyglass":1,"minecraft:gravel":52,"minecraft:lava_bucket":1,"laendli_transport:clothing_a_armor_chestplate":2,"minecraft:amethyst_shard":46,"minecraft:green_stained_glass":25,"mowziesmobs:wrought_helmet":2,"minecraft:spruce_sapling":2,"minecraft:white_bed":11,"minecraft:spruce_log":30,"minecraft:spruce_door":2,"iceandfire:silver_pickaxe":2,"minecraft:iron_helmet":5,"minecraft:baked_potato":18,"minecraft:coal":85,"unusualprehistory:mezo_fossil":11},"minecraft:broken":{"laendli_transport:clothing_a_armor_helmet":1,"iceandfire:silver_pickaxe":1,"minecraft:stone_pickaxe":1,"laendli_transport:clothing_a_armor_leggings":1,"minecraft:iron_pickaxe":1}},"DataVersion":3120}