{"stats":{"minecraft:crafted":{"spartanshields:iron_basic_shield":1,"minecraft:diamond_leggings":2,"minecraft:chest":1,"sophisticatedbackpacks:backpack":1,"minecraft:emerald":1,"minecraft:crafting_table":4,"minecraft:spruce_planks":160,"minecraft:wooden_pickaxe":2,"minecraft:baked_potato":11,"minecraft:diamond_pickaxe":1,"minecraft:stick":68,"minecraft:iron_pickaxe":1,"biomesoplenty:umbran_stairs":36,"minecraft:polished_diorite":32,"minecraft:iron_axe":1,"minecraft:ladder":3,"minecraft:stone_pickaxe":2,"minecraft:diamond_boots":1,"iceandfire:armor_silver_metal_boots":1,"minecraft:lead":8,"biomesoplenty:umbran_planks":428,"iceandfire:silver_ingot":20,"minecraft:stone_axe":1,"iceandfire:armor_silver_metal_helmet":2,"minecraft:wooden_axe":1,"iceandfire:silver_pickaxe":2,"minecraft:torch":52,"minecraft:diamond_chestplate":2},"minecraft:broken":{"laendli_transport:clothing_a_armor_helmet":1,"iceandfire:silver_pickaxe":1,"minecraft:stone_pickaxe":1,"minecraft:diamond_boots":2,"laendli_transport:clothing_a_armor_leggings":1,"spartanshields:iron_basic_shield":1,"minecraft:diamond_leggings":1,"minecraft:iron_pickaxe":1},"minecraft:dropped":{"biomesoplenty:umbran_planks":60,"minecraft:iron_sword":1,"minecraft:glass_bottle":1,"minecraft:diamond":32,"minecraft:lime_stained_glass":15,"minecraft:crossbow":2,"biomesoplenty:black_sand":3,"minecraft:leather":1,"minecraft:cracked_stone_bricks":1,"minecraft:flint":10,"minecraft:dirt":109,"minecraft:mutton":1,"minecraft:snowball":40,"minecraft:bone_meal":5,"minecraft:sand":2,"farmersdelight:pasta_with_mutton_chop":2,"iceandfire:armor_silver_metal_helmet":1,"minecraft:white_wool":2,"unusualprehistory:plant_fossil_item":4,"minecraft:gravel":269,"minecraft:stone_axe":1,"minecraft:blackstone":1,"minecraft:cobbled_deepslate":291,"minecraft:rotten_flesh":11,"minecraft:oak_planks":120,"minecraft:yellow_stained_glass":11,"alexsmobs:cachalot_whale_tooth":1,"minecraft:carrot":8,"biomesoplenty:umbran_stairs":21,"biomesoplenty:umbran_log":8,"iceandfire:armor_silver_metal_boots":1,"minecraft:ladder":1,"minecraft:spruce_slab":3,"minecraft:basalt":54,"minecraft:arrow":12,"minecraft:netherrack":29,"minecraft:green_stained_glass":14,"iceandfire:silver_pickaxe":2,"minecraft:iron_ingot":2,"minecraft:oak_slab":4,"spartanshields:iron_tower_shield":1,"minecraft:wheat_seeds":3,"minecraft:mossy_cobblestone":2,"minecraft:iron_helmet":4,"minecraft:cobblestone":479,"minecraft:lead":4,"biomesoplenty:cattail":1,"minecraft:amethyst_block":2,"minecraft:granite":29,"minecraft:coal":11,"mowziesmobs:wrought_axe":1,"minecraft:stick":33,"minecraft:diorite":20,"minecraft:golden_carrot":26,"minecraft:ink_sac":2,"minecraft:torch":253,"biomesoplenty:brimstone":147,"minecraft:rose_bush":1,"minecraft:diamond_helmet":2,"minecraft:potion":1,"minecraft:iron_leggings":4,"minecraft:dried_kelp":3,"mowziesmobs:wrought_helmet":1,"minecraft:iron_axe":1,"minecraft:paper":1,"minecraft:string":4,"minecraft:lily_pad":1,"minecraft:spruce_sapling":2,"minecraft:redstone":36,"minecraft:smooth_basalt":16,"iceandfire:silver_nugget":8,"minecraft:polished_diorite":33,"minecraft:raw_copper":17,"minecraft:bowl":1,"minecraft:tuff":21,"minecraft:raw_iron":14,"minecraft:iron_boots":1,"iceandfire:troll_tusk":1,"minecraft:nether_bricks":2,"minecraft:diamond_chestplate":1,"minecraft:spruce_planks":1,"minecraft:iron_chestplate":3,"minecraft:andesite":4,"iceandfire:silver_ingot":1,"minecraft:redstone_torch":1,"minecraft:stone_bricks":1,"minecraft:spruce_log":3,"minecraft:slime_ball":53,"minecraft:sandstone":1,"minecraft:stone_pickaxe":1,"minecraft:wooden_pickaxe":1,"minecraft:calcite":4,"minecraft:stripped_spruce_wood":1},"minecraft:killed_by":{"minecraft:pillager":19,"sanitydim:rotting_stalker":6,"minecraft:vindicator":17,"sanitydim:sneaking_terror":1,"minecraft:witch":2,"unusualprehistory:rex":1,"minecraft:player":8,"mowziesmobs:ferrous_wroughtnaut":1,"apollyon:the_damned":4},"minecraft:killed":{"minecraft:witch":1,"naturalist:snail":2,"minecraft:skeleton":1,"minecraft:magma_cube":7,"minecraft:sheep":1,"laendli_transport:crab":5,"minecraft:pillager":28,"minecraft:zombie":1,"minecraft:stray":1,"cave_dweller:cave_dweller":1,"minecraft:vindicator":3,"iceandfire:ghost":2,"minecraft:villager":4},"minecraft:picked_up":{"minecraft:wooden_axe":2,"minecraft:iron_chestplate":3,"minecraft:smithing_table":2,"biomesoplenty:umbran_stairs":22,"minecraft:wither_rose":1,"minecraft:potion":2,"minecraft:stone_brick_stairs":1,"minecraft:brewing_stand":1,"minecraft:amethyst_block":100,"minecraft:string":24,"minecraft:raw_copper":17,"minecraft:iron_leggings":4,"biomesoplenty:umbran_boat":1,"biomesoplenty:brimstone":276,"minecraft:cobbled_deepslate":307,"minecraft:gold_nugget":35,"minecraft:bucket":1,"minecraft:spruce_planks":36,"minecraft:rose_bush":20,"minecraft:calcite":215,"unusualprehistory:plant_fossil_item":35,"minecraft:coal_block":1,"minecraft:furnace":15,"minecraft:iron_boots":3,"minecraft:tipped_arrow":1,"minecraft:stick":18,"minecraft:torch":340,"iceandfire:dragonscales_white":12,"biomesoplenty:umbran_planks":83,"iceandfire:silver_ore":7,"minecraft:dried_kelp":3,"minecraft:diorite":52,"minecraft:green_terracotta":33,"iceandfire:armor_silver_metal_boots":1,"minecraft:rotten_flesh":13,"minecraft:obsidian":1,"minecraft:snowball":40,"minecraft:cobblestone":714,"minecraft:andesite":4,"minecraft:flint":36,"minecraft:tuff":21,"minecraft:stripped_spruce_wood":1,"minecraft:dirt":117,"minecraft:lantern":3,"minecraft:bone":5,"minecraft:bow":1,"laendli_transport:clothing_a_armor_helmet":2,"minecraft:wheat_seeds":3,"minecraft:raw_gold":15,"minecraft:grindstone":2,"minecraft:mossy_stone_bricks":2,"minecraft:diamond_helmet":2,"minecraft:glowstone_dust":57,"minecraft:oak_planks":448,"minecraft:mossy_stone_brick_stairs":3,"spartanshields:iron_tower_shield":2,"iceandfire:podium_spruce":1,"minecraft:sand":2,"minecraft:stripped_spruce_log":25,"minecraft:ink_sac":2,"alexsmobs:animal_dictionary":1,"minecraft:barrel":8,"minecraft:mossy_cobblestone":2,"minecraft:diamond":69,"minecraft:crossbow":8,"minecraft:granite":29,"minecraft:bone_meal":5,"minecraft:emerald":24,"minecraft:netherrack":29,"iceandfire:silver_nugget":132,"minecraft:crafting_table":11,"minecraft:ladder":3,"minecraft:leather_leggings":1,"minecraft:wooden_pickaxe":6,"minecraft:chain":14,"minecraft:red_bed":1,"minecraft:iron_shovel":4,"minecraft:blackstone":70,"minecraft:cracked_stone_bricks":1,"iceandfire:bestiary":1,"biomesoplenty:black_sand":3,"unusualprehistory:paleo_fossil":12,"minecraft:beef":1,"minecraft:spruce_slab":3,"laendli_transport:clothing_a_armor_leggings":2,"minecraft:sugar_cane":3,"minecraft:chest":2,"iceandfire:ice_dragon_heart":1,"minecraft:raw_iron":25,"minecraft:sandstone":1,"iceandfire:dragonbone":9,"minecraft:bowl":1,"minecraft:carrot":8,"minecraft:redstone":228,"iceandfire:dragon_skull_ice":1,"minecraft:diamond_chestplate":1,"minecraft:arrow":138,"biomesoplenty:cattail":1,"minecraft:nether_bricks":2,"minecraft:diamond_boots":1,"minecraft:hay_block":18,"unusualprehistory:opal_fossil":2,"minecraft:mutton":1,"alexsmobs:frontier_cap":1,"minecraft:white_wool":2,"minecraft:lime_stained_glass":30,"minecraft:basalt":61,"minecraft:golden_carrot":52,"minecraft:glow_ink_sac":6,"minecraft:leather":5,"alexsmobs:cachalot_whale_tooth":1,"minecraft:lily_pad":1,"farmersdelight:pasta_with_mutton_chop":4,"mowziesmobs:wrought_axe":2,"minecraft:blue_bed":3,"minecraft:white_banner":2,"man:cassette_1safetyinstructions":1,"minecraft:stone_bricks":4,"alexsmobs:cockroach_wing_fragment":1,"minecraft:yellow_stained_glass":11,"minecraft:iron_ingot":17,"spartanshields:wooden_basic_shield":1,"minecraft:glass_bottle":1,"biomesoplenty:umbran_log":118,"minecraft:oak_slab":4,"minecraft:smooth_basalt":16,"minecraft:pumpkin":20,"minecraft:quartz":40,"minecraft:spyglass":1,"minecraft:gravel":291,"minecraft:lava_bucket":1,"laendli_transport:clothing_a_armor_chestplate":2,"minecraft:amethyst_shard":46,"minecraft:green_stained_glass":25,"mowziesmobs:wrought_helmet":2,"minecraft:spruce_sapling":2,"minecraft:white_bed":11,"minecraft:spruce_log":30,"minecraft:spruce_door":2,"iceandfire:silver_pickaxe":2,"minecraft:slime_ball":65,"minecraft:polished_diorite":4,"minecraft:iron_helmet":5,"iceandfire:ice_dragon_flesh":1,"minecraft:baked_potato":18,"minecraft:coal":89,"unusualprehistory:mezo_fossil":11},"minecraft:custom":{"minecraft:interact_with_crafting_table":56,"minecraft:open_barrel":53,"minecraft:leave_game":10,"minecraft:time_since_death":380,"minecraft:sprint_one_cm":410900,"minecraft:damage_blocked_by_shield":4077,"minecraft:drop":219,"minecraft:talked_to_villager":10,"minecraft:play_time":453353,"minecraft:deaths":61,"minecraft:jump":3735,"minecraft:interact_with_brewingstand":1,"minecraft:walk_on_water_one_cm":78102,"minecraft:interact_with_furnace":30,"minecraft:traded_with_villager":1,"minecraft:sleep_in_bed":10,"minecraft:damage_dealt":19624,"minecraft:player_kills":3,"minecraft:crouch_one_cm":15593,"minecraft:interact_with_smithing_table":2,"minecraft:mob_kills":62,"minecraft:damage_dealt_resisted":58,"minecraft:climb_one_cm":5777,"minecraft:walk_one_cm":1156084,"minecraft:damage_dealt_absorbed":15,"minecraft:sneak_time":7149,"minecraft:walk_under_water_one_cm":32117,"minecraft:boat_one_cm":105098,"minecraft:total_world_time":453353,"spartanshields:shield_bash_hits":23,"minecraft:interact_with_grindstone":6,"minecraft:time_since_rest":481,"minecraft:damage_taken":31148,"minecraft:trigger_trapped_chest":2,"minecraft:swim_one_cm":11999,"minecraft:fly_one_cm":454955,"minecraft:open_chest":108,"minecraft:fall_one_cm":60965},"minecraft:used":{"minecraft:ladder":2,"minecraft:chest":2,"minecraft:shield":25,"minecraft:iron_sword":1,"minecraft:rotten_flesh":2,"minecraft:green_terracotta":9,"biomesoplenty:umbran_log":3,"minecraft:obsidian":1,"minecraft:milk_bucket":4,"minecraft:lava_bucket":1,"minecraft:bow":14,"spartanshields:iron_basic_shield":72,"minecraft:furnace":9,"biomesoplenty:umbran_stairs":25,"minecraft:spruce_door":1,"minecraft:stone_pickaxe":218,"minecraft:blackstone":41,"minecraft:wooden_pickaxe":32,"minecraft:blue_bed":1,"iceandfire:silver_pickaxe":638,"biomesoplenty:umbran_planks":196,"minecraft:bread":33,"minecraft:gravel":19,"minecraft:diamond_sword":447,"minecraft:grindstone":1,"minecraft:smithing_table":2,"minecraft:cobweb":16,"biomesoplenty:brimstone":14,"minecraft:torch":103,"minecraft:brewing_stand":1,"minecraft:dirt":5,"minecraft:spyglass":10,"iceandfire:armor_silver_metal_helmet":1,"mowziesmobs:wrought_helmet":1,"minecraft:polished_diorite":3,"minecraft:wooden_axe":32,"minecraft:yellow_stained_glass":10,"minecraft:iron_axe":184,"minecraft:barrel":8,"minecraft:basalt":7,"minecraft:golden_carrot":10,"minecraft:cobbled_deepslate":16,"minecraft:pumpkin":9,"minecraft:calcite":147,"minecraft:amethyst_block":2,"minecraft:glass_bottle":1,"minecraft:baked_potato":52,"spartanshields:iron_tower_shield":10,"minecraft:crafting_table":13,"minecraft:red_bed":1,"minecraft:white_bed":8,"mowziesmobs:wrought_axe":273,"minecraft:diamond_pickaxe":718,"minecraft:iron_pickaxe":250,"minecraft:stone_axe":40,"minecraft:cobblestone":162,"minecraft:potion":2,"minecraft:bucket":1,"minecraft:cooked_porkchop":64,"alexsmobs:animal_dictionary":3,"biomesoplenty:umbran_boat":1,"minecraft:green_stained_glass":10},"minecraft:mined":{"minecraft:spruce_planks":1,"minecraft:white_bed":11,"the_silence:sad_satan":109,"biomesoplenty:brimstone":130,"minecraft:brewing_stand":1,"minecraft:granite":31,"minecraft:budding_amethyst":10,"biomesoplenty:umbran_planks":31,"minecraft:grass_block":7,"unusualprehistory:deepslate_fossil":12,"unusualprehistory:plant_fossil":20,"minecraft:coal_block":1,"minecraft:polished_diorite":4,"biomesoplenty:cattail":1,"minecraft:tall_seagrass":1,"minecraft:glowstone":21,"minecraft:iron_ore":6,"minecraft:fire":11,"minecraft:barrel":10,"minecraft:pumpkin":16,"biomesoplenty:umbran_stairs":1,"minecraft:dirt_path":1,"minecraft:deepslate_redstone_ore":51,"minecraft:blackstone":12,"minecraft:medium_amethyst_bud":2,"minecraft:powder_snow":7,"minecraft:torch":50,"minecraft:calcite":110,"minecraft:chest":2,"minecraft:nether_quartz_ore":43,"minecraft:cobblestone":57,"minecraft:grindstone":2,"minecraft:sugar_cane":1,"minecraft:wall_torch":14,"minecraft:amethyst_block":79,"minecraft:chain":8,"unusualprehistory:stone_fossil":6,"biomesoplenty:umbran_log":69,"minecraft:stone_brick_stairs":1,"minecraft:grass":17,"minecraft:sand":2,"minecraft:dirt":23,"minecraft:netherrack":22,"minecraft:oak_leaves":1,"minecraft:deepslate":275,"minecraft:nether_gold_ore":9,"minecraft:tuff":21,"iceandfire:silver_ore":7,"minecraft:mossy_cobblestone":6,"minecraft:deepslate_diamond_ore":9,"minecraft:ladder":3,"minecraft:nether_bricks":2,"minecraft:large_fern":3,"minecraft:hay_block":18,"minecraft:furnace":12,"minecraft:andesite":8,"minecraft:stripped_spruce_log":25,"biomesoplenty:willow_vine":1,"minecraft:mossy_stone_brick_stairs":3,"minecraft:deepslate_iron_ore":6,"minecraft:vine":1,"biomesoplenty:brimstone_bud":1,"minecraft:lantern":3,"minecraft:stone":413,"iceandfire:podium_spruce":1,"minecraft:smithing_table":2,"unusualprehistory:deepslate_plant_fossil":11,"minecraft:basalt":68,"biomesoplenty:black_sand":4,"minecraft:spruce_door":2,"minecraft:crafting_table":10,"minecraft:rose_bush":22,"minecraft:tall_grass":3,"minecraft:copper_ore":2,"biomesoplenty:sprout":2,"minecraft:deepslate_gold_ore":13,"minecraft:diorite":45,"minecraft:blue_bed":3,"minecraft:stripped_spruce_wood":1,"minecraft:ice":2,"minecraft:spruce_log":5,"minecraft:white_wall_banner":2,"minecraft:coal_ore":70,"iceandfire:silver_pile":18,"minecraft:gravel":301,"minecraft:cobweb":16,"minecraft:cracked_stone_bricks":1,"minecraft:stone_bricks":3,"minecraft:mossy_stone_bricks":2,"minecraft:fern":11}},"DataVersion":3120}