{"stats":{"minecraft:crafted":{"minecraft:cobblestone_slab":70,"spartanshields:wooden_tower_shield":3,"minecraft:glass":39,"minecraft:iron_boots":2,"minecraft:chest":1,"minecraft:stone_hoe":2,"sophisticatedbackpacks:backpack":1,"minecraft:crafting_table":7,"minecraft:spruce_planks":36,"spartanshields:iron_tower_shield":2,"minecraft:wooden_pickaxe":1,"minecraft:baked_potato":13,"biomesoplenty:fir_planks":268,"minecraft:book":1,"minecraft:paper":3,"minecraft:charcoal":8,"minecraft:diamond_pickaxe":1,"minecraft:stick":390,"minecraft:iron_ingot":27,"minecraft:iron_pickaxe":1,"unusualprehistory:encyclopedia":1,"minecraft:stone_shovel":1,"iceandfire:dragon_stick":1,"minecraft:furnace":11,"iceandfire:dragon_flute":1,"minecraft:bone_meal":20,"spartanshields:stone_tower_shield":1,"minecraft:ladder":87,"minecraft:stone_pickaxe":1,"minecraft:spruce_boat":1,"minecraft:cooked_beef":1,"minecraft:stone_axe":2,"minecraft:air":0,"minecraft:torch":436},"minecraft:mined":{"minecraft:spruce_planks":2,"minecraft:white_bed":5,"the_silence:sad_satan":11,"biomesoplenty:brimstone":24,"minecraft:budding_amethyst":4,"minecraft:grass_block":7,"unusualprehistory:deepslate_opal_ore":10,"unusualprehistory:deepslate_fossil":4,"unusualprehistory:plant_fossil":25,"biomesoplenty:stripped_fir_log":1,"minecraft:iron_ore":22,"minecraft:fire":11,"minecraft:cobbled_deepslate":4,"minecraft:pumpkin":4,"minecraft:deepslate_redstone_ore":2,"minecraft:powder_snow":11,"biomesoplenty:brimstone_fumarole":1,"minecraft:torch":4,"minecraft:calcite":2,"minecraft:glass":7,"minecraft:cobblestone":60,"minecraft:sugar_cane":1,"minecraft:amethyst_block":18,"minecraft:chain":7,"minecraft:wheat":2,"unusualprehistory:stone_fossil":3,"biomesoplenty:umbran_log":49,"biomesoplenty:fir_log":52,"minecraft:grass":8,"minecraft:sand":51,"minecraft:dirt":16,"biomesoplenty:umbran_leaves":3,"minecraft:smooth_basalt":4,"minecraft:netherrack":10,"minecraft:deepslate":214,"minecraft:tuff":48,"iceandfire:silver_ore":3,"minecraft:deepslate_diamond_ore":6,"biomesoplenty:desert_grass":2,"minecraft:spruce_fence":5,"minecraft:spruce_leaves":1,"biomesoplenty:dead_grass":7,"minecraft:furnace":1,"minecraft:carrots":6,"minecraft:snow":2,"minecraft:potatoes":54,"minecraft:deepslate_iron_ore":2,"minecraft:stone":150,"unusualprehistory:deepslate_plant_fossil":3,"minecraft:basalt":2,"minecraft:crafting_table":1,"minecraft:copper_ore":4,"minecraft:lapis_ore":1,"minecraft:deepslate_gold_ore":10,"minecraft:lily_pad":3,"minecraft:diorite":8,"minecraft:spruce_log":11,"minecraft:coal_ore":57,"biomesoplenty:fir_leaves":2,"minecraft:gravel":38},"minecraft:picked_up":{"minecraft:iron_chestplate":1,"minecraft:wheat":1,"alexsmobs:maraca":2,"minecraft:wither_rose":5,"minecraft:amethyst_block":164,"minecraft:raw_copper":14,"biomesoplenty:brimstone":43,"minecraft:cobbled_deepslate":244,"minecraft:bucket":8,"minecraft:spruce_planks":14,"minecraft:cobblestone_slab":64,"unusualprehistory:plant_fossil_item":26,"minecraft:calcite":1,"alexsmobs:raccoon_tail":1,"minecraft:furnace":1,"minecraft:stick":52,"minecraft:torch":83,"iceandfire:silver_ore":3,"minecraft:porkchop":2,"minecraft:diorite":4,"iceandfire:armor_silver_metal_boots":1,"minecraft:rotten_flesh":18,"minecraft:snowball":115,"minecraft:cobblestone":1096,"minecraft:cooked_beef":1,"minecraft:potato":127,"minecraft:flint":4,"biomesoplenty:fir_sapling":6,"biomesoplenty:fir_log":68,"minecraft:tuff":42,"minecraft:lapis_lazuli":9,"minecraft:dirt":302,"minecraft:lantern":1,"minecraft:bone":5,"minecraft:wheat_seeds":8,"laendli_transport:clothing_a_armor_helmet":2,"minecraft:raw_gold":8,"spartanshields:iron_tower_shield":1,"minecraft:cooked_porkchop":3,"minecraft:lime_terracotta":17,"minecraft:sand":51,"minecraft:ink_sac":8,"alexsmobs:animal_dictionary":1,"minecraft:diamond":19,"minecraft:diamond_pickaxe":1,"iceandfire:dragon_skull_lightning":3,"minecraft:crafting_table":1,"minecraft:ladder":1,"minecraft:leather_leggings":1,"minecraft:wooden_pickaxe":1,"minecraft:chain":18,"unusualprehistory:opal_chunk":6,"minecraft:blackstone":1,"biomesoplenty:black_sand":3,"unusualprehistory:paleo_fossil":3,"laendli_transport:clothing_a_armor_leggings":2,"minecraft:sugar_cane":3,"minecraft:raw_iron":22,"iceandfire:dragonbone":48,"iceandfire:troll_tusk":1,"alexsmobs:straddlite":1,"minecraft:spruce_fence":10,"the_silence:sad_satan":12,"minecraft:carrot":23,"minecraft:redstone":4,"iceandfire:dragon_skull_ice":8,"minecraft:arrow":6,"unusualprehistory:opal_fossil":2,"minecraft:mutton":1,"alexsmobs:frontier_cap":1,"minecraft:lime_stained_glass":22,"minecraft:basalt":14,"minecraft:glow_ink_sac":8,"minecraft:leather":7,"minecraft:lily_pad":3,"mowziesmobs:wrought_axe":1,"biomesoplenty:stripped_fir_log":1,"iceandfire:armor_silver_metal_helmet":1,"alexsmobs:cockroach_wing_fragment":3,"minecraft:yellow_stained_glass":16,"minecraft:iron_ingot":1,"minecraft:glass_bottle":1,"minecraft:iron_sword":1,"biomesoplenty:umbran_log":42,"minecraft:smooth_basalt":9,"minecraft:pumpkin":4,"minecraft:gravel":51,"laendli_transport:clothing_a_armor_chestplate":2,"minecraft:amethyst_shard":44,"mowziesmobs:wrought_helmet":2,"minecraft:spruce_sapling":14,"minecraft:white_bed":6,"minecraft:spruce_log":10,"iceandfire:silver_pickaxe":1,"minecraft:polished_diorite":32,"minecraft:scute":1,"iceandfire:troll_skull":1,"iceandfire:hydra_skull":2,"minecraft:coal":89,"unusualprehistory:mezo_fossil":3,"minecraft:ender_pearl":1},"minecraft:used":{"iceandfire:dragon_skull_ice":7,"minecraft:ladder":18,"minecraft:shield":2,"minecraft:iron_sword":197,"minecraft:iron_chestplate":2,"minecraft:carrot":52,"minecraft:snowball":3,"minecraft:obsidian":1,"minecraft:spruce_boat":1,"minecraft:glass":28,"minecraft:lava_bucket":17,"minecraft:villager_spawn_egg":5,"unusualprehistory:rex_spawn_egg":1,"minecraft:furnace":12,"minecraft:potato":99,"minecraft:diorite":4,"minecraft:stone_pickaxe":63,"minecraft:oak_planks":18,"minecraft:blackstone":21,"minecraft:wooden_pickaxe":29,"biomesoplenty:fir_planks":9,"laendli_transport:clothing_a_armor_helmet":1,"spartanshields:stone_tower_shield":5,"cgm:bazooka":4,"iceandfire:silver_pickaxe":460,"sophisticatedbackpacks:backpack":2,"minecraft:bread":26,"cgm:assault_rifle":16,"unusualprehistory:encyclopedia":4,"minecraft:bone_meal":20,"iceandfire:troll_skull":1,"minecraft:flint_and_steel":1,"minecraft:stone_shovel":95,"minecraft:spruce_planks":15,"minecraft:stone_hoe":76,"minecraft:torch":437,"minecraft:dirt":147,"minecraft:spyglass":12,"alexsmobs:maraca":9,"iceandfire:pixie_dust":1,"iceandfire:armor_silver_metal_helmet":1,"minecraft:polished_diorite":25,"minecraft:iron_axe":55,"minecraft:smooth_basalt":1,"laendli_transport:clothing_a_armor_chestplate":1,"minecraft:cooked_beef":1,"minecraft:cobbled_deepslate":68,"minecraft:water_bucket":29,"minecraft:amethyst_block":54,"minecraft:baked_potato":75,"iceandfire:hydra_skull":2,"vtaw_mw:diamond_katana":42,"iceandfire:dragon_skull_lightning":3,"minecraft:cobblestone_slab":14,"spartanshields:iron_tower_shield":101,"farmersdelight:onion":3,"laendli_transport:clothing_a_armor_leggings":1,"minecraft:crafting_table":8,"minecraft:white_bed":9,"minecraft:spruce_log":1,"mowziesmobs:wrought_axe":56,"minecraft:diamond_pickaxe":125,"minecraft:iron_pickaxe":57,"minecraft:spruce_sapling":1,"minecraft:stone_axe":144,"minecraft:cobblestone":680,"minecraft:cooked_porkchop":62,"minecraft:bucket":36,"alexsmobs:animal_dictionary":1,"biomesoplenty:fir_log":1,"minecraft:splash_potion":13},"minecraft:broken":{"laendli_transport:clothing_a_armor_helmet":1,"minecraft:iron_boots":1,"minecraft:iron_chestplate":1,"iceandfire:silver_pickaxe":1,"laendli_transport:clothing_a_armor_leggings":1,"minecraft:stone_axe":1,"laendli_transport:clothing_a_armor_chestplate":1,"alexsmobs:frontier_cap":1,"spartanshields:iron_tower_shield":1,"minecraft:shield":1},"minecraft:killed":{"minecraft:skeleton":3,"alexsmobs:straddler":2,"laendli_transport:boat_1animated":2,"minecraft:magma_cube":5,"alexsmobs:stradpole":1,"minecraft:creeper":1,"minecraft:zombie":10,"minecraft:ghast":1,"cave_dweller:cave_dweller":1,"apollyon:the_damned":3,"minecraft:cow":1,"alexsmobs:raccoon":2,"minecraft:zoglin":1,"mowziesmobs:ferrous_wroughtnaut":1,"alexsmobs:cockroach":1,"minecraft:enderman":1},"minecraft:killed_by":{"sanitydim:sneaking_terror":1,"mimic_dweller:mimic_dweller":1,"skinwalker_overhaul:skinwalker_overhaul":3,"minecraft:zombie":1,"unusualprehistory:rex":2,"minecraft:player":3,"the_silence:asucwacho":1,"mowziesmobs:ferrous_wroughtnaut":1,"apollyon:the_damned":2,"simon_12:simon_12":2},"minecraft:custom":{"minecraft:interact_with_crafting_table":37,"minecraft:open_barrel":6,"minecraft:time_since_death":15602,"minecraft:sprint_one_cm":479020,"minecraft:damage_blocked_by_shield":7446,"minecraft:drop":216,"minecraft:talked_to_villager":7,"minecraft:play_time":261234,"minecraft:deaths":24,"minecraft:jump":3413,"minecraft:walk_on_water_one_cm":40065,"minecraft:interact_with_furnace":49,"minecraft:sleep_in_bed":9,"minecraft:damage_dealt":20713,"minecraft:player_kills":7,"minecraft:crouch_one_cm":46055,"minecraft:interact_with_smithing_table":2,"minecraft:mob_kills":37,"minecraft:climb_one_cm":16239,"minecraft:walk_one_cm":675878,"minecraft:damage_dealt_absorbed":225,"minecraft:sneak_time":13349,"minecraft:walk_under_water_one_cm":23440,"minecraft:boat_one_cm":17911,"minecraft:total_world_time":261234,"spartanshields:shield_bash_hits":7,"minecraft:time_since_rest":15291,"minecraft:damage_taken":17236,"minecraft:swim_one_cm":18868,"minecraft:fly_one_cm":904134,"minecraft:open_chest":22,"minecraft:fall_one_cm":71320},"minecraft:dropped":{"sophisticatedbackpacks:iron_backpack":1,"minecraft:iron_sword":1,"minecraft:cooked_beef":1,"minecraft:glow_ink_sac":2,"minecraft:baked_potato":23,"minecraft:glass_bottle":1,"minecraft:diamond":9,"minecraft:lime_stained_glass":22,"minecraft:cooked_porkchop":3,"minecraft:scute":1,"minecraft:lantern":1,"minecraft:leather":11,"biomesoplenty:fir_sapling":6,"minecraft:flint":3,"minecraft:dirt":5,"minecraft:mutton":1,"minecraft:snowball":31,"minecraft:chain":9,"minecraft:sand":12,"minecraft:iron_pickaxe":1,"alexsmobs:raccoon_tail":1,"minecraft:bone":5,"minecraft:gravel":46,"minecraft:blackstone":6,"minecraft:spyglass":1,"minecraft:cobbled_deepslate":64,"minecraft:wheat":1,"minecraft:obsidian":2,"minecraft:rotten_flesh":15,"minecraft:oak_planks":320,"minecraft:yellow_stained_glass":8,"minecraft:carrot":16,"iceandfire:armor_silver_metal_boots":1,"minecraft:beetroot_seeds":4,"minecraft:ladder":24,"iceandfire:bestiary":1,"minecraft:leather_leggings":2,"laendli_transport:clothing_a_armor_helmet":1,"minecraft:basalt":14,"minecraft:stone_hoe":1,"minecraft:iron_ingot":4,"minecraft:bread":4,"spartanshields:iron_tower_shield":2,"minecraft:wheat_seeds":5,"minecraft:iron_helmet":2,"minecraft:cobblestone":67,"minecraft:amethyst_block":10,"spartanshields:iron_basic_shield":1,"mowziesmobs:wrought_axe":2,"alexsmobs:maraca":2,"minecraft:stick":40,"minecraft:ink_sac":8,"minecraft:torch":143,"biomesoplenty:brimstone":43,"minecraft:potion":1,"minecraft:iron_leggings":1,"minecraft:wither_rose":4,"minecraft:pumpkin":4,"mowziesmobs:wrought_helmet":3,"minecraft:iron_axe":1,"minecraft:string":8,"minecraft:bucket":9,"minecraft:spruce_sapling":10,"minecraft:smooth_basalt":7,"minecraft:redstone":4,"minecraft:polished_diorite":7,"laendli_transport:clothing_a_armor_chestplate":1,"minecraft:tuff":42,"minecraft:stone_shovel":1,"minecraft:iron_boots":3,"iceandfire:silver_ore":3,"alexsmobs:frontier_cap":2,"minecraft:spruce_fence":10,"minecraft:cobblestone_slab":62,"alexsmobs:cockroach_wing_fragment":3,"minecraft:spruce_planks":2,"minecraft:diamond_pickaxe":1,"minecraft:iron_chestplate":2,"minecraft:calcite":1,"laendli_transport:clothing_a_armor_leggings":1}},"DataVersion":3120}